{"great": [-0.07462369936400313, 0.06259206816150373, 0.08698487883239632, -0.02589844189645644, 0.032535206632526334, -0.009595016421940938, -0.032388415612621034, -0.0006580742313845859, 0.016457688598754006, 0.08699506648488722], "cool": [-0.05731138373932554, 0.04433432571115683, 0.06962968108974306, -0.0038955338312894098, 0.026866114768799184, 0.03927552182172405, -0.02796377537849657, 0.03952731446604603, -0.014186472260716933, 0.039812319674125754], "brilliant": [-0.03210574432264397, -0.005379867762173313, 0.001187624889367988, 0.035618414556573455, 0.05064366251171946, 0.05160161109501325, -0.071190752792554, 0.049086780577488616, -0.033580405542383084, 0.04206472386552048], "wonderful": [-0.0586259389440001, 0.03881959833759153, -0.002800222171900028, -0.02460904695968778, 0.0343340253747678, 0.0039155555253193985, -0.043277543979904166, -0.023718630844415667, 0.009007508866849614, 0.061257519689822064], "well": [-0.033212370915521434, 0.020863860363827976, 0.09295892411234923, 0.05633977997820282, 0.02819220512928167, -0.009445472951731279, -0.02219785634690137, -0.014466356683207029, -0.04947038923494968, 0.055524926027723374], "amazing": [-0.0240346341522856, 0.0479668138317335, 9.850407178510823e-05, 0.019951080690376363, 0.02654248615749141, -0.044412390868128766, -0.0719228960685781, 0.028938920483883687, 0.02718934255418565, -0.014090391350258113], "worth": [0.008287092878594115, -0.009070556622558974, 0.03468082658732081, 0.005287813978299522, -0.0138175510829776, 0.06066051867370353, -0.053500812659364065, -0.01917020191098133, -0.042026012699139755, 0.03994508873451979], "sweet": [-0.03962334763415222, -0.03906825249480065, 0.1009135086051095, 5.422200471021526e-05, 0.06656896604999712, 0.047633609794446766, -0.07271052518734708, 0.05084366126233599, -0.002658608394338273, -0.00607262534065688], "enjoyable": [-0.001296620850487686, 0.01240546324600184, 0.011490858901631942, -0.02066540530714784, 0.06029041058217266, 0.03559083723463078, -0.034898965358039644, -0.019605756683878192, 0.025387466606155658, -0.02687984686508832], "boring": [-0.03605142951918299, -0.007606652510316633, 0.07542177094466448, 0.011788494922257286, 0.06684542561174119, 0.04905235478713566, -0.03005025124101637, 0.01702031263019864, -0.03166369308739606, 0.058552641836646414], "bad": [-0.057644914970487196, 0.05809661017950374, 0.10661552289812058, -0.013207542581587172, 0.06992677112798892, -0.004146457908981585, -0.07583777877967687, 0.0462012345261123, -0.07581064475053714, 0.0323532522893229], "dumb": [-0.06413172229216427, 0.022111033490512095, 0.015086758464718684, 0.04513822836002952, 0.028693131243184854, -0.037412783295871985, -0.06634958378352074, -0.03493634901232837, -0.017876864210785947, 0.023698136015352436], "annoying": [-0.039920058263873424, 0.022136787110956853, 0.021257449005592493, 0.006085685798103231, -0.013404818919982863, 0.04288139485006589, -0.04565587268180629, -0.013517911941328266, -0.022435275225161505, -0.009435041195829842], "female": [-0.03052202383155266, 0.029440727267954617, -0.01460568880377246, 0.04613650248044058, 0.03620928411765598, 0.0011614224483287605, 0.016640752692553797, -0.007003937459054727, -0.047605795852659075, 0.07113677779628369], "male": [0.0036372461786860397, 0.004527084780204725, -0.014872481219829158, 0.01762303715179892, 0.026136335759878622, -0.019714765562738754, 0.03450982408391295, 0.012369725657971599, 0.030012727009529283, 0.03526202839355378], "queen": [0.0102545424555525, -0.014379393747719203, 0.0008649012202541513, 0.010947023925219354, 0.033653329589963595, -0.03189432727007322, -0.01567068381670995, 0.03831042681378989, -0.028209867827427057, -0.02610623293296944], "king": [-0.0311511236440247, -0.011199041261442748, -0.01849687248314757, -0.038370290926605016, 0.030093796460399443, 0.009631058746485541, 0.02692994865589073, -0.03169571859542936, 0.0469342626616008, 0.00594123770121403], "man": [-0.030092519868321697, -0.04589344917527926, 0.010403644799327644, -0.0025449942837191273, -0.008355178676806276, -0.0022612971409695874, -0.053680373220394324, 0.017269020189984163, -0.01975854152023935, 0.014058960740431597], "woman": [-0.010968820879868571, -0.0325099517383287, 0.03851480261394288, 0.02227836085130869, 0.027350050059889722, -0.02531870861082471, -0.019786154173788244, 0.005143176685649992, 0.006073733710660548, 0.0031373092936781556], "rain": [-0.04060169159466833, -0.008742226311900955, -0.0025792536874450238, 0.032315151367506095, -0.0107688684012793, -0.0296587562885035, -0.017649044290321127, -0.011931597693609184, 0.04905459126370554, 0.02108077196452214], "snow": [-0.00424941545139708, -0.01999245512242212, 0.04027694407477081, -0.02281673464031507, 0.018522223001903943, -0.023980493722464597, -0.03648939574093836, 0.014161657461857402, 0.03211654296463061, 0.03949742854151761], "hail": [0.03912792062889564, -0.011671776980054085, 0.02210409452375068, 0.03314583855231741, -0.0244634497339707, -0.023996793229633013, -0.044754723054069384, 0.04816867193957597, 0.04519265541948255, 0.01603499822239045], "coffee": [-0.03878107073327357, -0.042729993389136786, -0.01956201020413342, -0.00583173691240919, -0.042429899875643384, 0.015376477520747191, -0.0011715004087797366, -0.012907858077995065, 0.03547990545502307, 0.05735948402589477], "tea": [0.035304449850158764, 0.021653167812123838, 0.003483790994469232, -0.015957902455548862, -0.024271236406194687, 0.018605702773421558, 0.042162855169571384, 0.015498118677658263, 0.01539013095915971, 0.04034084021898222]}